<configuration>

    <appender name="STDOUT" class="ch.qos.logback.core.ConsoleAppender">
        <encoder>
            <pattern>%d{ISO8601} [%thread] %-5level R:%X{req.requestURI} %logger{0} - %msg%n</pattern>
        </encoder>
    </appender>

    <logger name="example" level="INFO" />
    <logger name="org.mortbay" level="INFO" />
    <logger name="freemarker.runtime" level="OFF" />
    <logger name="STATS" level="TRACE" />

    <root level="WARN">
        <appender-ref ref="STDOUT" />
    </root>

</configuration>
