<?xml version="1.0" encoding="UTF-8"?>
<beans xmlns="http://www.springframework.org/schema/beans"
       xmlns:xsi="http://www.w3.org/2001/XMLSchema-instance"
       xmlns:context="http://www.springframework.org/schema/context"
       xsi:schemaLocation="http://www.springframework.org/schema/beans
                           http://www.springframework.org/schema/beans/spring-beans-2.5.xsd
                           http://www.springframework.org/schema/context
                           http://www.springframework.org/schema/context/spring-context-2.5.xsd">

    <context:annotation-config />
    <context:component-scan base-package="example.domain.services" />

    <bean class="org.springframework.web.context.support.ServletContextPropertyPlaceholderConfigurer">
        <property name="systemPropertiesModeName" value="SYSTEM_PROPERTIES_MODE_OVERRIDE" />
    </bean>

    <bean id="dataSource" class="org.springframework.jdbc.datasource.DriverManagerDataSource" lazy-init="true">
        <property name="driverClassName" value="${database.driver.class}" />
        <property name="username" value="${database.driver.username}" />
        <property name="password" value="${database.driver.password}" />
        <property name="url" value="${database.driver.url}" />
    </bean>

    <bean id="jdbcTemplateSource" class="org.springframework.jdbc.core.JdbcTemplate" lazy-init="true">
        <constructor-arg ref="dataSource" />
    </bean>

    <bean id="jdbcTemplate" class="org.springframework.aop.framework.ProxyFactoryBean">
        <property name="targetClass" value="org.springframework.jdbc.core.JdbcOperations" />
        <property name="targetSource">
            <bean class="org.springframework.aop.target.LazyInitTargetSource">
                <property name="targetBeanName">
                    <idref local="jdbcTemplateSource" />
                </property>
            </bean>
        </property>
    </bean>

    <bean id="sessionFactorySource" class="org.springframework.orm.hibernate3.LocalSessionFactoryBean" lazy-init="true">
        <property name="dataSource" ref="dataSource" />
        <property name="mappingResources">
            <list>
                <value>example/domain/services/hibernate/Document.hbm.xml</value>
            </list>
        </property>
        <property name="hibernateProperties">
            <props>
                <prop key="hibernate.dialect">${hibernate.dialect}</prop>
                <prop key="hibernate.cache.provider_class">${hibernate.cache.provider_class}</prop>
            </props>
        </property>
    </bean>

    <bean id="sessionFactory" class="org.springframework.aop.framework.ProxyFactoryBean">
        <property name="targetClass" value="org.hibernate.SessionFactory" />
        <property name="targetSource">
            <bean class="org.springframework.aop.target.LazyInitTargetSource">
                <property name="targetBeanName">
                    <idref local="sessionFactorySource" />
                </property>
            </bean>
        </property>
    </bean>

    <bean id="transactionManager" class="org.springframework.orm.hibernate3.HibernateTransactionManager">
        <property name="sessionFactory" ref="sessionFactory" />
    </bean>

    <bean id="transactionTemplate" class="org.springframework.transaction.support.TransactionTemplate">
        <constructor-arg ref="transactionManager" />
    </bean>

    <bean id="hibernateOperations" class="org.springframework.orm.hibernate3.HibernateTemplate">
        <constructor-arg ref="sessionFactory" />
    </bean>

    <bean id="deployer" class="example.domain.services.hibernate.DbDeployer">
        <constructor-arg ref="jdbcTemplate" />
        <constructor-arg value="/WEB-INF/create_changelog.sql" />
        <constructor-arg value="/WEB-INF/deltas" />
        <constructor-arg>
            <bean class="com.dbdeploy.DbDeploy">
                <property name="url" value="${database.driver.url}" />
                <property name="driver" value="${database.driver.class}" />
                <property name="userid" value="${database.driver.username}" />
                <property name="password" value="${database.driver.password}" />
            </bean>
        </constructor-arg>
    </bean>

    <!--
    <bean id="statsInterceptor" class="org.springframework.aop.interceptor.PerformanceMonitorInterceptor">
        <property name="loggerName" value="STATS" />
    </bean>
    -->

    <bean id="statsInterceptor" class="example.spring.StatsdPerformanceMonitorInterceptor">
        <constructor-arg value="localhost" />
        <constructor-arg value="8125" />
        <property name="loggerName" value="STATS" />
    </bean>

    <bean id="repositoryPerformance" class="org.springframework.aop.framework.autoproxy.BeanNameAutoProxyCreator">
        <property name="proxyTargetClass" value="false" />
        <property name="beanNames">
            <list>
                <value>*Repository</value>
            </list>
        </property>
        <property name="interceptorNames">
            <list>
                <idref local="statsInterceptor" />
            </list>
        </property>
    </bean>

</beans>
