<?xml version="1.0" encoding="UTF-8"?>
<beans xmlns="http://www.springframework.org/schema/beans"
       xmlns:xsi="http://www.w3.org/2001/XMLSchema-instance"
       xmlns:p="http://www.springframework.org/schema/p"
       xmlns:context="http://www.springframework.org/schema/context"
       xsi:schemaLocation="http://www.springframework.org/schema/beans
                           http://www.springframework.org/schema/beans/spring-beans-2.5.xsd
                           http://www.springframework.org/schema/context
                           http://www.springframework.org/schema/context/spring-context-2.5.xsd">

    <context:annotation-config />
    <context:component-scan base-package="example.spring" />
    <context:component-scan base-package="example.domain.web" />

    <bean class="org.springframework.web.servlet.mvc.annotation.DefaultAnnotationHandlerMapping">
        <property name="useDefaultSuffixPattern" value="false" />
        <property name="interceptors">
            <list>
                <ref bean="applicationStatusInterceptor" />
            </list>
        </property>
    </bean>

    <bean class="org.springframework.web.servlet.mvc.annotation.AnnotationMethodHandlerAdapter"
          p:webBindingInitializer-ref="customBindingInititalizer"
          p:cacheSeconds="0" />

    <bean class="example.ftl.HtmlFreeMarkerConfigurer" p:templateLoaderPath="/WEB-INF/templates" />

    <bean class="org.springframework.web.servlet.view.freemarker.FreeMarkerViewResolver"
          p:contentType="text/html;charset=UTF-8"
          p:exposeSpringMacroHelpers="false"
          p:exposeRequestAttributes="true"
          p:suffix=".ftl" />

    <bean id="webPerformance" class="org.springframework.aop.framework.autoproxy.BeanNameAutoProxyCreator">
        <property name="proxyTargetClass" value="true" />
        <property name="beanNames">
            <list>
                <value>*Presenter</value>
                <value>*Controller</value>
                <value>*Command</value>
            </list>
        </property>
        <property name="interceptorNames">
            <list>
                <idref bean="statsInterceptor" />
            </list>
        </property>
    </bean>

</beans>
